full_name,gender,date_of_birth
Oriana Ebbins,F,01/03/1977
Constantina Pentelo,F,05/08/1982
Cobby Abbes,M,01/15/1903
Tarrah Pearlman,F,09/27/2016
Rutger Haggie,O,03/27/1906
Fleming Charnock,M,07/10/1944
Rhonda Napoleon,F,11/18/2014
Carleton Cridland,M,11/05/1964
Corrie Werny,F,12/25/2007
Ashley Guerri,M,03/27/2016
Rodd Hastings,M,01/02/2006
Silva Sichardt,F,08/28/1984
Donalt Schoenfisch,M,04/10/2008
Loy Menichino,M,01/19/1913
Daloris Burger,F,10/18/1926
Alasdair Yeudall,M,01/03/1900
Lanny Dudmesh,M,05/09/1944
Biddie Kochl,F,12/07/1935
Gilles Stark,M,05/15/1995
Misti Simonini,F,07/05/1918
Tansy Gerbel,U,12/26/1963
Stephannie Dallan,U,10/12/2020
Bee Pietron,F,07/17/1998
Russell Jeaneau,M,02/22/1988
Roanne Douche,F,03/03/1960
Lucho Houtbie,M,08/25/1903
Harris Inchcomb,M,01/30/1946
Constantino Toomer,U,07/29/1973
Jase Mulhall,M,01/03/1913
Delmor Van Saltsberg,M,03/10/2008
Sandye Jeacock,F,05/08/1960
Kylynn Cawston,F,04/23/1906
Jephthah Suff,M,01/13/1915
Ailee Pollock,F,12/31/2010
Philly Do Rosario,F,05/15/1988
Sylvia Noads,F,10/17/1935
Sascha Jenicke,F,07/01/1901
Jamal Jouanot,M,05/27/1982
Marla Tayspell,F,04/09/1916
Clarine Davisson,F,06/06/1964
Roi Griswaite,M,09/04/2007
Trey Matoshin,M,11/10/1960
Cletus Mussalli,M,05/04/2016
Beatriz Seller,F,12/11/1984
Tad Matcham,M,03/26/2000
Rochelle Witheford,F,03/03/1923
Shayne Baylie,F,01/17/1928
Dell Hopkins,F,10/25/2002
Kalila Gaitskill,F,01/01/1996
Dallon Benzing,M,10/09/1901
Zacharia Renshell,M,08/15/1958
Lu McKitterick,F,04/06/1936
Martelle Gilgryst,F,11/15/1971
Anya Popland,F,03/13/1910
Evangelia Preator,F,02/25/1929
Albina Millard,F,02/23/1978
Elbertina Vooght,F,08/24/1996
Marris Raffan,F,11/11/1939
Roderick Bratty,M,12/08/1921
Winifield Sever,M,02/12/1922
Kerianne Howlin,F,06/30/1987
Rhett Bartoshevich,M,08/31/2013
Sonny Eaklee,F,12/18/1900
Dom Lewisham,M,09/30/1986
Buiron Asmus,M,06/19/1978
Erie Tamburi,M,09/05/1928
Alair M'Quharg,M,12/05/1982
Gerry Leete,F,04/11/1936
Laurent Mulford,M,04/19/2016
Aridatha Heersma,F,08/05/2016
Charlton Balling,M,05/10/1993
Marika Ghiron,U,08/03/1946
Nellie Krol,F,02/01/1903
Janene Guerry,U,06/11/1992
Faith Madle,F,12/03/2016
Felice Insall,U,04/08/1944
Bevin Rawling,M,05/08/1978
Delores Petran,F,03/10/1937
Sallyanne Antonacci,F,04/01/1922
Joyann Dargue,F,04/19/1958
Kahlil Milliken,M,01/07/1945
Zak Charlewood,O,03/09/1939
Mabelle Bourdon,F,07/07/1975
Bonni Jeffery,F,08/18/1984
Carolynn Glede,F,07/22/2010
Welsh Zieme,M,01/22/1905
Isac Vears,M,03/30/2021
Hilton Calderon,M,10/28/2006
Nataniel Villiers,M,11/05/2011
Nataline Cushworth,F,10/17/1975
Giffard Spaducci,M,09/27/2015
Mord Caudray,M,01/13/2012
Nester Barcke,M,08/18/2004
Axe Riping,M,07/31/1941
Alexei Giblin,U,02/11/1998
Ingrim Perazzo,M,02/10/1911
Laurianne Joppich,F,08/28/1944
Susie Taggart,F,10/05/1956
Annaliese Cadore,U,07/30/1916
Ginger Lownie,M,05/31/1970
Biddie Lansdale,F,09/25/1926
Wash Lissandre,M,05/03/1900
Mohandas Le Barr,M,09/09/1914
Mitchell Fowls,M,01/01/1954
Stanislaus Gravatt,M,05/08/1913
Doyle Piercy,M,09/30/1939
Row Baulcombe,U,05/18/1994
Frederich Bennett,M,06/09/1968
Xena Headrick,F,01/21/1998
Kalila Rubinivitz,F,09/24/1937
Samaria Bleeze,F,01/22/1907
Desi Deschlein,M,09/18/1936
Clay Binney,U,11/13/1953
Loren Murtell,M,05/10/2012
Cassandre Elden,F,02/18/1920
Layney Chasier,F,08/28/1977
Anabelle Oxshott,F,03/09/1967
Constance Tams,F,03/25/1999
Augusto Cundey,M,08/29/1945
Abigale Hullbrook,F,06/20/1999
Roxy Lydden,F,08/06/1915
Dennie Wederell,M,06/08/1993
Kata Michin,F,05/23/1997
Charisse Greeno,F,06/18/1997
Stacie Bettam,F,01/22/1981
Garrek Cecchetelli,M,04/15/1919
Harley Hake,F,06/07/1965
Davy Barden,M,06/16/1965
Myrtia Elsmere,F,08/09/1925
Felizio McCurley,M,01/10/1986
Raine Alpe,F,04/16/1924
Franky Everington,F,07/09/1980
Sibylle Lindback,F,04/22/2013
Shela Gaitskill,F,01/26/1956
Ronni Appleton,F,02/01/1980
Braden Servante,M,07/08/1921
Jessica Simoncini,F,10/04/1993
Marcelo Pheazey,M,12/10/1946
Wilek Furtado,M,09/18/1975
Clotilda Meigh,F,08/20/1969
Tymothy Mander,M,10/05/2001
Alyse Headey,F,04/30/1925
Daphna Baynton,F,02/01/1926
Margy Heak,F,02/29/1976
Tobye Gullan,F,02/15/1921
Ced McGrill,M,09/07/2013
Hugo Rosenhaupt,M,07/13/1904
Flinn Aleksidze,M,11/06/1944
Kippie Favell,M,01/29/1901
Katharina Vandenhoff,U,12/15/1995
Merridie Juliff,F,08/11/2003
Emmery Pocknell,U,11/25/1993
Ferdinand Martelet,M,06/01/1981
Trumann Parham,M,02/29/1920
Adelina McIlheran,F,10/10/1902
Vyky Befroy,F,12/10/1985
Gav Pauletto,M,12/14/1937
Livia Dunleavy,F,11/15/1920
Carol Peiro,U,12/17/2019
Northrup Sterley,M,03/06/1957
Aurie Pickford,F,01/01/1962
Karoly Brakespear,F,04/09/1948
Roselle Franciotti,F,09/21/1954
Corinna Perell,F,03/24/1987
Willyt Deavall,U,12/04/1967
Joete Jeens,U,08/05/1916
Fan Beesey,F,12/12/1908
Darn Swaby,M,12/25/1906
Quill Eslinger,M,12/15/1948
Rock Baumaier,M,01/22/1984
Brooke Guitonneau,F,04/28/1927
Salome Elcoux,F,10/14/1957
Lolita Keady,F,06/30/1914
Quintana Loynes,F,02/28/1928
Hartley Pietasch,M,06/10/1917
Gram Stephens,M,11/28/1931
Salaidh Adenot,F,04/27/1928
Irena Dignam,F,09/29/2005
Shanda Dalgleish,F,04/17/1961
Roarke Andreazzi,M,02/19/1928
Margalit Najera,F,02/23/1921
Aaren Gristwood,F,02/22/1976
Nicolina Kiss,F,10/22/1980
Jorge Lafflina,M,11/19/1937
Eldon Fawssett,M,03/12/2008
Benyamin Greim,M,03/14/2014
Ingaborg Binstead,F,10/20/1956
Bobby Lethcoe,F,05/11/1953
Carling Gant,M,07/08/1992
Otes Tremeer,M,04/06/2019
Maren Weepers,F,12/04/1932
Lemar Pimley,M,07/24/1900
Ardelis Zahor,F,06/11/1988
Hernando Barringer,M,10/16/2009
Jocelyne Truter,F,05/15/2004
Raleigh Acosta,M,11/22/1907
Ynez Dewdeny,F,09/24/1978
Gan Pulster,M,09/25/1977
Sarette Harbertson,F,12/25/1901
Ram Oen,M,10/30/1903
Morlee Whereat,M,03/13/1997
Clerissa Bader,U,12/31/1918
Brewster Shama,M,01/29/1911
Andris Gerb,M,12/26/1951
Michal Finicj,F,06/22/1948
Gregoor Bracknall,M,05/11/2002
Anabella Eadie,U,02/21/2013
Rabbi McPeice,M,03/28/1993
Emiline Northill,F,10/08/1996
Farlie Cosbey,M,01/17/1984
Jelene Mandifield,F,09/08/2000
Gaspard Mumm,M,07/14/2018
Jard Dand,M,12/20/1934
Lazare Pogson,M,04/27/1920
Glynis Snare,F,06/03/1989
Sharity Tuftin,F,11/27/1911
Riccardo Batrick,M,07/25/1960
Alisa Danilishin,F,09/17/1904
Selle Dillaway,F,11/30/1927
Terrance Jaan,M,04/12/1995
Libbie Coulthurst,U,08/06/2012
Nevile Churchin,M,11/24/1955
Micah Bath,M,10/23/1912
Hedda Camblin,F,09/21/1987
Trudy Done,F,10/04/1943
Diarmid Wheway,M,01/18/1918
Betty Laimable,F,04/24/1992
Florina Bilsborrow,F,05/23/1968
Sammie Wabersinke,M,09/05/1961
Boy McAvin,M,03/06/1978
Cob O'Gormley,M,05/31/1943
Pace Haffenden,M,02/22/1902
Thibaud Skyram,M,12/19/1924
Cletis Spriggen,M,07/11/1919
Sonja Yuille,F,03/27/1995
Ashien Haspineall,F,05/26/1952
Beryle Whereat,F,07/09/1957
Felecia Freeburn,U,10/13/1968
Kippie Reeken,M,04/12/1959
Virgie Huitt,F,04/03/1911
Shayna Wray,F,04/18/1984
Griswold O'Dunniom,M,10/28/2002
Bobbie Chue,F,02/18/1981
Tudor Gottelier,M,08/20/1982
Fae Bourthoumieux,F,09/08/1923
Selie Dudek,U,12/11/1953
Parker Giamitti,M,04/14/1943
Sidney Steutly,M,09/23/2005
Hayyim Tancock,M,04/23/1976
Boycey Kaser,M,04/04/1988
Madelena Cossons,F,12/06/1916
Deeyn Avrahamov,F,10/18/1942
Agnes Knappitt,F,03/13/1920
Tamera Linton,U,08/30/1925
Rod Stearnes,M,08/28/1996
Wilhelm Berringer,M,06/12/1971
Enoch Dasent,M,11/02/1914
Lona Ollett,F,04/11/1941
Monroe McGilmartin,U,02/02/1948
Hale Bertome,M,05/10/2015
Wolfie Vuittet,M,01/23/1910
Howie Bedburrow,M,12/22/1973
Kare Wallwork,F,04/03/1984
Alyosha Bithany,M,08/14/1956
Malva Sellick,F,06/20/1971
Wilona Bilton,F,08/26/1972
Caz Sidden,M,09/21/1907
Brock Lemar,M,01/26/1963
Hubey Crowe,M,11/20/1941
Tamarra Mc Carroll,U,02/24/2010
Kingsly Richel,M,09/06/1958
Ely Dunnet,M,09/15/1904
Catlee Dowrey,U,08/19/1966
Bertine Rennolds,F,07/12/1916
Jody Turland,F,08/28/1968
Yorgo Lesslie,M,04/28/1916
Rachele Payle,F,05/12/1926
Peter Ebbitt,M,07/29/1943
Eydie Wither,F,02/04/1908
Zsazsa Malan,F,12/20/1960
Nanny Dilon,U,11/25/1996
Dukey Pottle,M,01/05/1978
Ignatius Gabotti,U,01/27/1952
Padraic Lukehurst,M,06/12/1905
Giovanni Yosifov,M,02/12/2020
Anthony Blees,M,03/26/1971
Ellswerth Thireau,M,01/30/1935
Angelica Johnston,F,04/14/1984
Abie Taffurelli,M,10/20/1907
Hortense Ilewicz,F,04/17/1968
Carmita De Cleyne,F,07/29/1988
Turner Josowitz,M,01/20/2012
Lane Spiller,M,02/18/1948
Trenton Sherrott,U,05/14/1935
Boothe Trusler,M,03/23/1947
Catriona Shirtcliffe,F,08/28/1991
Jasmina Harrington,F,01/15/1935
North Carradice,M,12/14/1902
Lew Stansell,M,11/30/1936
Barb MacTurlough,F,10/18/1949
Mair Legging,F,07/27/1964
Gratiana Claibourn,F,05/31/1935
Sinclare Boykett,M,07/29/1908
Charlotta Maycey,F,03/28/1962
Cob McCandless,M,06/16/1961
Denny Tyrwhitt,M,06/14/1938
Roderich Delafont,M,07/15/2009
Gerda Prentice,F,06/11/1900
Katlin Goodinge,F,07/19/2016
Marlane Matskiv,F,09/06/1904
Berthe Sabbatier,F,12/19/2014
Kendell Dow,M,03/05/1945
Darlleen Manson,F,09/10/2015
Laurence Wehner,M,07/03/1929
Suzi Mityushin,F,01/18/2013
Mirna Faithfull,F,05/09/2009
Aili Arundel,U,01/15/2013
Gilbert Kingswold,M,09/30/1952
Prudi Hodjetts,F,12/02/1999
Eberhard Soigoux,M,07/18/1977
Rudolf Goforth,M,09/27/1962
Edin Luisetti,F,08/25/1949
Stephine Lowthian,F,04/13/1983
Marys Plover,F,11/10/1919
Walther Morrell,M,04/30/1940
Gil O' Neligan,M,06/26/1988
Kale Yarn,M,01/26/1979
Cesaro Matt,M,10/10/1974
Derrek Croshaw,M,08/28/1912
Mikel Piola,M,08/14/1947
Parnell Dunnan,M,12/27/2002
Golda McGauhy,U,09/28/1968
Kata Lewsy,F,02/04/1906
Scarlett Croix,F,01/02/1903
Jelene Eckh,F,06/06/1977
Nicolai Bubbear,M,07/10/1997
Anny Hembrow,U,05/04/1916
Brnaby Gleeton,M,10/24/2008
Mallissa Teresa,F,07/11/1908
Nola Lummus,F,09/12/1958
Blondelle Hoovart,F,10/04/1936
Chen Artois,M,04/28/2012
Erhart Kilmary,M,02/18/1933
Terri-jo Ziems,F,03/02/1974
Hadleigh Rumney,M,04/02/1955
Colet Tumber,M,10/31/1973
Charita Ilyin,F,12/08/1966
Louie Benns,M,01/02/1916
Borden Pottell,M,02/13/1999
Quintina Busse,F,02/16/2011
Brandy Wilby,M,12/17/1933
Roseanne Daton,F,05/05/1912
Gabriele Farey,M,08/20/1920
Alfie Dayne,F,09/15/1995
Kristi Rosoni,F,10/02/1971
Garner Heak,M,05/07/1937
Art Winham,U,09/25/1977
Perl Snugg,F,07/16/1938
Tiphani Stedall,F,08/02/1992
Urbanus Schimonek,M,01/05/1912
Rutledge Perrycost,M,11/22/2003
Chane McGlaud,M,01/23/1943
Johnna Amos,F,04/18/1975
Clyve Hewes,M,08/05/1909
Hilda Ramshaw,F,03/28/1920
Gelya Stredwick,F,07/01/1980
Graehme McGee,M,08/26/1993
Mathe Palffrey,M,02/23/1934
Sully Belchambers,M,11/25/1971
Beverley Jest,F,12/23/1938
Becca Bitcheno,F,08/30/1905
Gauthier Daily,M,08/22/1962
Alexandros Klimczak,M,11/29/1963
Raimundo Satterley,M,10/27/1970
Anne-marie Bathurst,F,12/02/1955
Sabine Banat,F,12/16/1944
Coop Henkens,U,07/06/1970
Liva Filipov,F,08/14/2008
Jeanette Wildman,F,03/25/1980
Westleigh Gove,M,05/01/1992
Nathanial Brisse,M,08/30/1987
Reggy Suggitt,M,02/25/1935
Beaufort Sarjant,M,10/05/1957
Ilsa Bletso,F,02/01/1992
Beryl Wiltshier,F,12/24/1999
Port Paoli,M,11/29/1929
Maritsa Dowglass,F,03/20/1976
Hubey Willers,M,02/19/1953
Sidonia Baudrey,F,01/25/2009
Kleon Alberts,M,11/25/1955
Philis Greenshields,F,12/20/1943
Muire Jacketts,F,02/06/1977
Amii Macklin,F,11/19/1915
Glory Futty,F,11/17/1965
Reamonn Myles,M,06/20/1941
Doria Capstack,F,11/03/1949
Babs Pilbeam,F,07/18/1982
Lemmie Stockhill,U,04/18/1995
Antoni Chrestien,U,12/27/2017
Kris Helks,M,11/15/1947
Joanie Dangl,F,10/06/1970
Reuven Marten,M,01/19/2011
Kirsten Dimblebee,F,06/08/1987
Magdalena Hillhouse,F,07/26/1949
Gwyn Selcraig,F,05/29/1911
Janot Hutchinson,F,05/18/1919
Hilton Ingyon,M,11/29/1946
Micki McLucky,U,07/11/1902
Aldwin Deards,M,03/27/1991
Irene Vassbender,F,04/09/1927
Lela Holston,F,08/27/2010
Kirbee Shorto,F,09/29/1961
Gertrude Henrique,F,03/25/1918
Elyse Cottisford,U,05/11/1945
Marylee LaBastida,F,10/06/1953
Hamilton Gude,M,04/28/1930
Teirtza McKinnell,U,04/12/1908
Ofella Andrioni,F,06/07/2018
Abbe Brobeck,M,10/25/1985
Veradis Witsey,F,02/04/2018
Conny Caccavari,M,04/23/2016
Theodoric Avann,M,11/23/1906
Debee Lardeur,F,05/21/2019
Harv Tomaszkiewicz,M,01/17/1966
Garrot Tanner,M,09/23/1934
Oliviero Guyver,M,01/01/1992
Salome Acaster,F,01/11/1951
Sergent Van der Brugge,M,03/01/1988
Leonora Gleadhell,F,08/06/1962
Giordano Shuttlewood,M,07/31/1929
Marisa Ashpole,F,03/30/1911
Brady Tregale,M,10/03/1978
Al Aylwin,M,09/10/2003
Maura Iglesias,F,11/19/1921
Elli Heald,F,12/24/1982
Jennifer Lawlance,F,05/25/1932
Othilie Munkton,F,10/24/1959
Carly Tofpik,F,11/07/2011
Elden Dukesbury,U,01/27/1927
Domenico Schutte,U,12/01/1949
Agnese Dancy,F,12/20/2017
Leonidas Malacrida,M,03/22/1979
Codie Sinclar,U,08/07/1913
Noe Errol,M,04/28/1954
Marji Garaway,F,05/04/1994
Timmie Vowell,F,06/18/1928
Stefan Rapp,M,12/25/1986
Stacee Malcolmson,M,05/01/1980
Vasily Daymont,M,12/04/1900
Moyna Dove,F,02/01/1928
Maurise Hexter,M,09/07/1961
Stuart Harness,M,12/04/1922
Elliott Crellim,M,03/10/1904
Mike Camblin,M,11/22/1943
Ivor Busby,M,12/11/1988
Filmore Budgey,M,06/03/2004
Joelynn Bartolomeazzi,F,01/17/1954
Valma Arrigo,F,05/20/1959
Rebeca Bartaloni,F,04/30/1955
Berti Canon,M,12/14/1956
Sky Menghi,M,08/29/1996
Peder Coulston,M,11/10/1962
Adan Brafield,F,12/02/1952
Gaultiero Starking,M,12/31/1917
Donica Denisard,F,11/22/1996
Kirsti Mollitt,F,10/07/2015
Ellary Haycox,M,12/06/1994
Rici Greasley,F,04/15/1968
Holmes Starsmore,M,08/27/1933
Andrej Hoggins,M,05/06/1955
Belvia Gawke,F,10/06/1914
Roanne Imm,F,01/04/1944
Philis Wewell,F,07/23/1973
Candie Birtwhistle,F,12/08/1926
Karim Hamblett,M,12/16/2015
Madelin Haydney,F,04/04/1996
Tamarah Raybould,F,04/08/1985
Coleen Lasty,F,03/06/1953
Boniface Dockrey,M,06/22/1920
Gayle Gres,F,06/01/1996
Constantia Lincey,F,03/23/1978
Waneta Batchelar,F,05/01/1945
Fields Collaton,M,03/06/1949
Nariko Winsom,F,10/20/1920
Ferguson Burnage,M,11/28/1938
Larine Slidders,F,01/13/1954
Baxy Felix,M,03/25/1983
Karyn Aldersey,F,01/19/2021
Standford Adanet,M,08/20/2011
Vanni Hatto,F,01/21/1941
Gradeigh Lenney,M,09/06/1936
Holt Scherme,M,12/09/2014
Madelaine Dossett,F,08/01/1946
Cary Manifield,M,05/23/2001
Lonny Whieldon,M,02/18/2013
Griswold Cock,M,02/21/1901
Andras Standish,M,10/14/1994
Joelie Bouller,F,07/22/1997
Kermie Howell,M,08/13/2002
Worthington Batts,M,01/12/1931
Patrick Koubu,M,11/26/1903
Lucais Bonfield,U,09/23/1918
Keeley Idale,F,08/21/1916
Constantin Trude,M,03/15/1976
Obed Agus,M,09/30/1987
Doralynne Caesar,F,03/06/1982
Alameda Avrahamoff,F,02/16/1932
Felicia Papaccio,F,07/19/1988
Wren Cromett,F,07/22/1940
Clemens Petyankin,M,04/29/1961
Galina Craufurd,F,07/03/1992
Stormy Bickersteth,F,10/15/1967
Nikolai Gordon,M,06/17/1940
Sylvan Pharro,M,02/17/1979
Gun Kleinstub,M,09/09/1970
Alphard Adshede,M,12/31/1962
Heda Abotson,F,12/04/1971
Jordain Doxey,F,10/14/1954
Raina Shillaber,F,09/05/1976
Arney Sellstrom,M,06/12/1983
Roselin Auguste,F,02/03/1929
Zorah Keuntje,U,08/04/1901
Fredek Tuting,M,04/30/1943
Cicely Lyven,F,09/06/2013
Millard Gapp,M,06/13/1996
Alexandro Hincks,M,05/09/1980
Norrie Elleyne,F,11/15/1961
Justine Seel,F,06/21/2014
Lola Jessard,F,12/24/1944
Chere Ferrer,O,03/15/1995
Wilhelm Swenson,M,08/30/1969
Ferris Grovier,M,11/15/1922
Gusty Oldale,F,04/08/2014
Elset Oiller,U,10/08/2016
Keeley Neiland,F,05/25/1931
Merle Brognot,M,11/12/2012
Elisabetta Omrod,F,07/05/2009
Reinhard Madle,M,02/02/2010
Magda Crosswaite,F,02/09/1925
Merrile Bulman,F,01/23/1925
Jameson O'Codihie,M,09/14/1909
Carmel Sears,F,04/28/1928
Arie Gillingham,M,05/30/1994
Zola Rosten,F,05/25/2016
Janella Lowden,F,06/27/1996
Dell Aldrich,F,07/28/1957
Chandler Merricks,M,11/16/2007
Lemuel Dreinan,M,01/27/1957
Elizabeth Ducker,F,03/27/1917
Witty Blumire,M,07/19/1935
Viole Chave,F,06/20/1907
Gigi Jarad,F,10/10/1984
Cristina Lautie,F,12/01/2002
Terrell Arnoud,M,08/21/2010
Stephanus Leale,M,11/14/1965
Sydel Fairweather,F,09/11/1979
Georgeta Sandry,F,10/01/1924
Dominique Beavon,M,08/19/1960
Alair Malenoir,M,10/06/1945
Lou Waumsley,M,12/25/1983
Marylou Thurlborn,F,08/16/1914
Noelani Harriday,F,09/10/1949
Bernete Tulloch,U,10/03/1962
Corbett Wormell,M,12/26/1940
Latrena January,F,12/01/1914
Nessy Farish,F,05/02/1949
Edna Pettisall,F,08/20/1970
Donelle Nassey,F,11/18/1957
Duffy Dowle,M,08/14/1985
Niall Clawsley,M,08/28/1919
Lynnea Reading,F,04/02/2010
Gilbert Cyson,M,03/11/2016
Berry Hayes,F,04/04/1906
Rochette Volette,F,09/14/1938
Rivkah Schulken,F,11/01/1928
Chaim Foyster,M,05/14/1984
Alameda de la Tremoille,F,04/05/1901
Britney Pickavant,F,10/28/1901
Orv Udall,M,01/24/1979
Abbye Renshaw,F,01/17/1961
Bessie McGebenay,F,12/14/1973
Kaja Ingamells,F,12/13/2018
Zeke Lotze,M,06/28/1928
Henka Eyles,F,11/01/1904
Bartolomeo Grady,M,09/06/1923
Jori Muscat,F,06/15/1904
Bessy Bome,F,05/31/2020
Iolande Kermath,F,02/25/1976
Hunt Capon,M,05/23/2000
Pavlov Hattigan,M,02/28/1980
Teddi O'Lenane,F,04/16/1963
Tracey Glitherow,M,08/21/1913
Beryl Poutress,F,02/20/2007
Osbourne Colisbe,M,04/28/1948
Sebastian Brennon,M,06/27/1925
Lewie Uttley,M,09/22/1935
Edlin Carmody,M,06/03/2004
Mic Akeherst,M,01/06/1998
Sterne Viste,M,09/29/1903
Batsheva Byars,F,04/06/1953
Andros Firidolfi,U,08/13/1976
Collin Roblett,M,09/16/2005
Hastie Carwithim,M,10/07/1939
Prinz Pargetter,M,03/10/1941
Katerina Sturridge,F,02/25/1944
Janela Bettley,F,10/09/1968
Dario Firks,M,02/21/1952
Isaiah Singleton,M,01/18/1935
Hercule Farahar,M,10/23/1924
Kinnie Follett,M,10/29/2005
Orlan Meriguet,M,03/08/1953
Yettie Dalgety,F,10/03/1962
Arleta Rosekilly,F,03/29/1919
Svend Hamel,M,06/23/1914
Caryl Seers,F,06/21/1905
Karrah Ruseworth,F,07/13/1914
Cloris Jefferies,F,05/21/1931
Mattheus Balharrie,M,10/04/1937
Devin Muress,U,07/30/1912
Guinna Skelhorn,F,07/23/1994
Lancelot Loftin,M,02/16/1995
Tybalt Starbuck,M,05/17/1951
Clemmie Lindroos,M,07/13/1953
Joane Blesdill,F,05/28/2005
Sammie Reisin,M,06/13/1943
Kylie Murcott,U,10/15/1978
Keely Walentynowicz,F,09/29/1993
Yoko Batchellor,U,05/20/1972
Innis Sprakes,M,07/25/1978
Jacky Filyukov,U,09/28/1904
Broddy Noury,M,01/10/1988
Burlie Carlson,M,06/08/1938
Leonidas Emanueli,M,03/14/2014
Dennie Carhart,M,11/22/1980
Tully Farens,M,07/17/1946
Wallache Platt,M,10/10/2018
Laurence Melly,M,01/09/1998
Leelah Mc Faul,F,08/16/2007
Scott Wiggam,M,09/26/1947
Glenn Bakesef,U,12/28/2008
Beret Fransemai,F,12/10/2014
Tawnya Earsman,F,01/22/1910
Alva Baudoux,U,07/16/2004
Boyd Gravells,M,01/23/1926
Kassie Caselick,F,04/03/1909
Bili Greason,F,05/26/1902
Nelia Ducarne,F,05/23/1904
Linoel Bellanger,M,07/01/1931
Dallas Rymmer,F,04/01/1939
Tobie Bedow,M,05/04/1906
Hector Murdie,M,01/01/1908
Georgeanna Shilladay,F,08/10/1902
Dorey Layton,M,11/02/1943
Juliette Swinfon,F,12/20/1903
Giralda Ryce,F,04/14/1963
Kata Brigg,F,07/09/1958
Juliana Baleine,F,11/19/1950
Ashbey McCaw,M,07/24/2005
Dyana Dytham,F,05/18/2020
Chaim Farrance,M,04/13/1925
Hurleigh Ortiga,M,06/14/2015
Dennet Pybus,M,01/16/1946
Rodolphe Dibb,M,05/15/1993
Urbain Carne,M,11/15/1970
Rourke Glancy,U,01/23/1901
Joaquin Hennemann,M,04/09/1982
Roda Alti,F,04/15/1929
Renard McCourtie,M,10/21/1922
Nickola Botly,M,06/04/1945
Page Lorincz,M,09/24/1996
Lisetta Gatiss,F,12/29/1981
Alberto Farnfield,M,11/17/1933
Reuven Clarkson,M,12/05/1943
Jessie De Mattei,M,04/13/1935
Delinda Gibby,F,03/31/1926
Winonah Schimke,F,02/13/1985
Blondie Posvner,F,07/26/1947
Hendrika Shilvock,F,10/23/1928
Kanya White,F,02/02/1903
Brenden Biggerstaff,M,01/19/2016
Iggy Gras,M,03/29/2018
Elisabet Brahmer,F,08/19/2019
Bonny Alven,F,10/16/1984
Carrol Haffard,M,10/05/1972
Hubie Priestland,M,03/17/1950
Kalil Karlowicz,M,10/06/1979
Alidia Schlagh,F,11/11/1917
Viv Wyon,F,03/07/1989
Mike Litel,M,03/06/1917
Simone Child,M,08/15/2009
Haven Abramowitch,M,12/15/1900
Terrill Jobern,U,04/05/2015
Jill Minocchi,F,04/27/1910
Anna-diana Blackburne,F,07/30/1906
Michale McLoughlin,M,11/04/1971
Minor Spandley,M,06/27/1974
Wilie Wyness,F,07/04/2020
Adi Shiril,F,08/17/1962
Amalia Shetliff,F,05/30/1923
Sigismundo Lander,M,09/23/2007
Clemence Theuff,F,03/21/2013
Jordan Zecchi,F,05/07/1927
Frannie Armfirld,M,06/18/1938
Osmond Champniss,M,03/24/1928
Leilah Dunstall,F,08/15/1948
Lanna Moxon,F,11/13/1908
Melinda Fentem,F,04/13/1920
Ashbey Pynn,M,10/08/2001
Dougie Bolderstone,M,01/30/1990
Gauthier Sawle,M,11/06/1959
Kimball Di Iorio,M,07/21/1937
Christean Hellwig,F,09/23/1907
Othella Palphreyman,F,07/13/1906
Mame Farlam,F,07/02/1997
Zacharias Longina,M,03/09/1998
Gabi Ravel,M,02/02/1958
Tull Falconbridge,M,06/24/1967
Yelena Sibthorpe,F,04/11/2000
Gilberto Von Der Empten,M,06/20/1999
Philippe Cudby,F,10/12/1912
Roy Fonteyne,U,06/28/1998
Holt Sheach,M,07/20/2005
Ryun Lockie,M,01/08/1912
Fayth Marchi,F,03/31/2011
Trina McIlwraith,F,03/15/1970
Erin Dobby,F,06/29/2005
Byrann Odby,M,06/06/2018
Basile Pactat,M,12/14/1910
Alvina Ivanovic,F,09/13/1942
Zaneta Matteacci,F,10/05/1969
Wren Harnwell,F,10/02/1956
Kassie Shipperbottom,F,09/05/1920
Noam Lown,O,03/02/1967
Karlee Dunlop,F,01/14/1968
Adams Mulholland,U,10/03/1914
Huntley Slavin,M,12/05/1987
Lydie Minney,U,01/03/1975
Margette Sedworth,F,07/16/1991
Gerome Ramelot,M,09/13/2000
Justus Gammie,M,08/30/1908
Atalanta Mote,F,04/12/1944
Vicky Eddy,F,05/08/1934
Grange Fealy,M,08/25/1906
Briano McGorley,M,10/28/1920
Barde Vasic,M,12/14/1988
Konrad Batteson,M,06/07/1985
Iago Iamittii,M,12/02/1901
Verena Patek,F,11/17/1988
Ryan Dovermann,M,04/26/1976
Dacey Scemp,F,04/17/1989
Shandy Noweak,F,09/30/2014
Aubrey Flewin,F,10/07/1947
Winn Cherry,M,10/28/1993
Karmen Howkins,F,03/19/1956
Luise MacGettigen,F,05/10/1945
Laurent Rattry,M,12/26/1976
Terrel Tarbert,M,10/20/1918
Emlynn Brimilcombe,F,03/21/1978
Edan Abbay,M,04/19/1976
Johnathan Larmor,M,04/19/1979
Izzy Fellis,M,01/12/1943
Lawton Romayne,M,08/07/1938
Antonina De Ath,U,09/20/2009
Doretta Mundie,F,08/11/1900
Skippy Ratledge,M,03/02/1906
Sim Skrine,M,12/07/1949
Atalanta Preon,F,05/31/1975
Joela Slingsby,F,06/21/1954
Seline Leist,F,06/01/1952
Bertie Narducci,M,04/23/1955
Paddy Morteo,M,03/01/2014
Boonie Pawellek,M,02/07/1935
Rosalinda Grzelak,F,10/05/1922
Teodor Sauter,M,12/13/1932
Chlo Pentelow,F,05/05/1922
Devan Janicek,F,09/05/2020
Merridie Dickins,F,12/17/1921
Demetris Wakley,F,05/03/1927
Jenine Sexstone,F,11/18/1985
Caritta Callaway,F,03/09/1940
Yale Goudy,M,05/11/1902
Seana Pagan,F,06/07/1911
Tiena Tyres,F,07/09/1984
Laird Gwyllt,M,06/09/1934
Maryann Millington,F,04/22/1970
Timothee Kainz,M,10/20/1988
Elyn Bothbie,F,08/01/1961
Farlay Espinoza,M,12/19/1985
Caressa Crebo,U,12/08/1991
Khalil Cariss,M,06/18/1972
Say McCroft,M,09/11/1998
Winthrop Maybey,M,04/03/1957
Gene Pollington,M,01/25/2018
Arlen Birtwisle,F,08/25/1931
Blaine Ary,M,10/08/1949
Morgan Kemery,F,08/01/1965
Jone Kitteringham,M,06/17/1967
Zaneta Helin,F,07/18/1912
Caresa Stutely,F,02/25/1942
Carolee Varty,F,04/12/1946
Heriberto Hemphill,M,10/08/1952
Pauletta de Leon,F,08/20/1949
Hastie McCague,U,06/10/1985
Colin Le Port,M,07/31/1902
Obadiah O'Dreain,M,11/10/1988
Lemuel Markl,U,08/13/1912
Felicle Van der Beek,F,12/28/2010
Eddy Bjerkan,M,12/30/2014
Gilbertine MacRirie,F,10/04/2000
Rubi Avrashin,F,04/22/1985
Melvin Darrach,U,11/13/1972
Dana Albinson,M,10/08/1958
Vania Sibery,F,12/27/1919
Leonid Datte,U,08/30/1957
Yolande Siaspinski,F,04/18/1911
Gwendolin Veysey,F,06/24/1968
Huntley Rontree,M,05/07/2014
Carlen Hush,F,09/23/2012
Liza Abrahmer,F,07/31/2017
Clarabelle Pedrocchi,F,05/02/1932
Isahella Francisco,F,10/02/1903
Modesty Kennewell,F,03/02/1961
Iain Clempton,M,07/07/1971
Che Causey,M,12/09/1927
Bealle Marchent,M,09/15/1922
Berte Goalley,F,01/13/2010
Sol Farman,M,04/06/1951
Lorrie Primett,F,12/11/1999
Morganne Scyone,F,04/19/1926
Lesly Cadamy,F,03/26/1901
Penn Mursell,M,06/16/2019
Gus Bloodworthe,U,09/12/1954
Ingeborg Sabberton,F,09/04/1982
Reidar Kennler,M,09/05/2012
Yevette Margetson,U,05/10/1990
Mariya Sarjent,F,09/03/1966
Ardine Toombes,F,06/02/1967
Gypsy Reynalds,F,06/22/1917
Creight Maryska,M,09/15/1996
Guthrie Leavold,M,03/13/1977
Lonna Syddon,O,03/21/2015
Dulcine Larchiere,F,07/12/1970
Adamo Lindenbaum,M,06/22/1991
Murdoch Plumm,M,10/14/1992
Devondra Duro,F,08/05/1926
Chico Wasylkiewicz,M,05/12/1993
Eloise Klaiser,F,02/16/1987
Conni Antonomoli,U,01/20/1955
Terra O'Neal,F,02/14/1950
Vachel Quipp,M,08/17/1959
Vikky Ciardo,U,11/04/1973
Mara Steventon,F,06/06/1930
Chiquita Huffey,F,04/25/1940
Glennis Whitmore,F,08/21/1974
Camila Rickett,F,06/13/1957
Karina Dana,F,10/17/2011
Lissa Tomasino,F,11/05/1982
Rozella Ruggier,F,08/31/1919
Selma Tooting,F,05/30/1923
Shela Tangye,F,01/29/1916
Adriaens Cristea,F,07/19/1945
Frankie Leyrroyd,M,04/19/2017
Breanne Yallowley,F,06/02/2007
Darya Chiplin,F,02/11/1925
Harp McCanny,M,06/08/1912
Bev Bovey,M,06/03/1916
Cece Swayland,M,05/02/1998
Dicky Durant,M,03/21/1952
Jocelyn De Domenico,F,10/22/1995
Lammond Leere,U,06/24/1950
Robina Abrami,F,11/04/1942
Pierson Housam,M,01/18/2018
Rochester Braybrookes,M,10/27/1980
Melody Segges,F,08/03/2012
Emmeline Berrington,F,09/20/1961
Adaline Diggle,F,04/08/1996
Bax Hamel,M,12/07/1970
Marchall Biaggelli,M,06/19/1929
Philippa Birtles,F,08/23/1961
Emlynne Thumann,F,10/24/2013
Beniamino Capper,M,03/10/1959
Benedict Cringle,M,06/12/1910
Willy Penke,M,03/20/2003
Silvio Tousey,M,07/04/1950
Ola Dominec,F,05/12/1996
Amelia Josland,F,01/29/1921
Hadleigh Ingley,M,05/27/1957
Corney Cowlard,M,02/13/1930
Llywellyn Fissenden,M,09/29/1983
Maurizia Cowderay,F,11/21/1932
Bianca Bartoletti,F,01/04/1985
Thaine Pindell,M,06/10/1913
Lizzy Roughsedge,F,07/24/1961
Sande Mandal,F,10/10/1948
George Hainsworth,M,03/12/1901
Nerte Kitcher,F,06/24/1929
Ransom Kenway,M,04/13/2019
Corbie Mavin,M,09/01/1963
David Ashbe,M,12/17/1999
Dom Stainburn,M,03/28/1988
Morna Husthwaite,F,07/10/1956
Marcela Lamming,F,12/10/1912
Andros Bohin,M,09/19/1902
Gearard Elcoat,M,08/31/1918
Debee Petegree,F,07/12/1957
Hyacintha Gilham,F,01/20/2020
Nerta Bedder,F,11/21/1956
Dyna Livard,F,10/04/2014
Aurel Panniers,F,10/31/1911
Carolann Laurentino,F,11/24/1992
Rodolph Mac,M,01/18/1948
Tamarra Crowne,F,03/07/1977
Hastings Swindells,U,12/12/1991
Ulrich Sizey,M,07/20/1970
Yanaton Van Halen,M,03/08/1945
Imelda Castelot,F,05/18/1964
Danny Backshell,F,03/18/1992
Noak Illesley,M,08/16/1994
Dick Van Leijs,M,07/29/1976
Giselbert Yeend,M,02/26/2010
Hillel Gebhardt,M,09/26/1914
Torrie Rubinovitch,F,10/08/1904
Cameron McPheat,M,03/30/1903
Onfre Blakeborough,M,05/19/1914
Justino Cheeney,M,04/27/1904
Huey McSharry,M,03/04/1963
Nerti Tocqueville,F,01/15/1990
Allissa Devericks,F,11/19/1911
Dolly Pomfret,F,07/19/1947
Yolanda Niess,F,04/21/1916
Frannie Kubu,F,06/24/1943
Pearline Biernat,F,08/10/1986
Carolyn Poveleye,F,10/07/2018
Bethany Vittel,F,04/12/1946
Natasha Boag,F,03/20/2016
Angelico Jentle,M,02/05/1963
Cheryl Heddon,F,12/09/1954
Dimitri Janusz,M,06/02/1985
Tull Mathet,M,06/15/1938
Sallee Worthington,F,01/10/2002
Rosina Mansion,F,04/20/1923
Kennie Pakeman,M,12/30/1994
Thane Throssell,M,12/28/1907
Carlyle Poytress,M,11/16/1949
Tobi Iacomi,F,06/18/1958
Mireielle Hanhardt,F,09/14/1958
Isabelle Dallaghan,F,05/07/1940
Bonny Heavens,F,12/15/1901
Aubree Mattson,F,01/27/1995
Field Cancellieri,M,07/31/1960
Wit Brocklehurst,M,05/14/1998
Derrick Bigadike,M,03/06/1979
Harlen Sustin,M,09/26/1922
Pate Dewberry,M,04/11/1931
Curtice Noir,M,04/20/2009
Lee Janoch,M,07/13/1964
Winfield Cortin,M,03/26/1946
Tremain Larive,M,04/04/1917
Ximenez Henriques,M,05/07/2012
Neila Alwood,F,09/05/2008
Pierce Yukhtin,M,07/25/1901
Joey Playfair,M,01/10/1942
Chris Caldero,F,04/05/1983
Archy Phlipon,M,08/08/1968
Osborne Hattoe,M,04/01/2001
Lucina Hemphall,F,01/09/1990
Mada Andrasch,F,02/01/1931
Kath Abramson,F,11/03/1994
Jakie Henaughan,M,10/28/1993
Kirstyn Nottingham,F,12/30/1948
Beverie Earley,F,05/22/1980
Ekaterina Beckensall,F,12/24/1909
Sarita Ouver,U,06/01/1963
Sarene Hawksby,F,04/22/1950
Thebault Seaward,M,12/10/1956
Zonda Everex,F,12/16/1942
Emmie Extence,F,03/23/1946
Travus McLenaghan,U,08/12/1968
Katha Baird,F,07/31/1953
Cletis Trudgian,M,08/29/1976
Florian Rao,M,07/13/1935
Clemmie Helkin,M,06/11/2016
Bondon Tiplady,M,12/18/1932
Robbie Goodlatt,F,04/07/1908
Euell Stolting,M,07/28/1909
Mauricio McCromley,M,07/23/1976
Bradan Goodrich,M,05/19/1994
Gerry Manes,M,10/28/1911
Pavia McMickan,F,02/19/1983
Noach Goodall,M,10/05/1951
Cyndie Ruberti,F,09/15/1991
Aleen Wabe,F,10/19/1905
Marie-jeanne Wadeling,F,06/24/2020
Dall Berre,M,10/02/1904
Fayre Byram,F,11/08/1911
Agata Cull,U,06/08/1947
Anastassia Danilin,F,10/30/2017
Yance Langeley,M,08/01/1976
Cross Fyall,U,12/22/1998
Prissie Fakes,F,03/20/2006
